Prof,Prof
zfds,fsfds
zfds,fsfds
zfds,fsfds
zfds,fsfds
556465,01/01/2000,0,qsdqsddqsdsqdsqd,15651,4645,44546,sqdsq,sqd,45643,01/01/20004846546
Assistant Direction,a,a,dsqdqsdqsd,556465,01/01/2000,0,qsdqsddqsdsqdsqd,15651,4645,44546,sqdsq,sqd,45643,01/01/20004846546
Assistant Direction,a,a,dsqdqsdqsd,556465,01/01/2000,0,qsdqsddqsdsqdsqd,15651,4645,44546,sqdsq,sqd,45643,01/01/20004846546
Assistant Direction,a,a,dsqdqsdqsd,556465,01/01/2000,0,qsdqsddqsdsqdsqd,15651,4645,44546,sqdsq,sqd,45643,01/01/20004846546
Assistant Direction,a,a,dsqdqsdqsd,556465,01/01/2000,0,qsdqsddqsdsqdsqd,15651,4645,44546,sqdsq,sqd,45643,01/01/20004846546
Employe, test, test, test@test.com, 74050, 07/08/80, 87412, test
Employe, Lapin, 1, Terrier, 38000, , France, Doe, John, 16,Mayencin,38000,,France, john@doe.com, 784682571, 08/05/75, 741852, Aucun
