Admin,Admin
zfds,fsfds
zfds,fsfds
zfds,fsfds
zfds,fsfdddqsdsqdsqd,15651,4645,44546,sqdsq,sqd,45643,01/01/20004846546
Assistant Direction,a,a,dsqdqsdqsd,556465,01/01/2000,0,qsdqsddqsdsqdsqd,15651,4645,44546,sqdsq,sqd,45643,01/01/20004846546
1,1,1,1,1,1,11,11,1,1,1,1,1,1,1,1
Directeur,test,test,000001ABA6213A00,test@test.com,741852,10/10/10,741,test@test.com,741852,741852,74,test,test,741,10/10/10,74
Directeur,test,test,00000169BB433A00,test@test.com,741,10/10/10,741,testttt@test.commm,741,741,74,test,test,741,10/10/10,74
tet,test,test,0000027DC1753A00,azerty@azerty.com,741,10/10/10,741,teijsd@ettzeu.com,741,741,74,teyzsui,erty,7786,54/52/45,78
1,1,11,02C44D50,1,1,1,11,1,1,1,1,1,1,1,1,1
