Etudiant,Etudiant
zfds,fsfds
zfds,fsfds
zfds,fsfds
zfds,fsfds
aaa,aaaa
aaa,aaaaaaaa
Assistant Direction,a,a,dsqdqsdqsd,556465,01/01/2000,0,qsdqsddqsdsqdsqd,15651,4645,44546,sqdsq,sqd,45643,01/01/20004846546
Assistant Direction,a,a,dsqdqsdqsd,556465,01/01/2000,0,qsdqsddqsdsqdsqd,15651,4645,44546,sqdsq,sqd,45643,01/01/20004846546
Assistant Direction,a,a,dsqdqsdqsd,556465,01/01/2000,0,qsdqsddqsdsqdsqd,15651,4645,44546,sqdsq,sqd,45643,01/01/20004846546
Assistant Direction,a,a,dsqdqsdqsd,556465,01/01/2000,0,qsdqsddqsdsqdsqd,15651,4645,44546,sqdsq,sqd,45643,01/01/20004846546
Assistant Direction,a,a,dsqdqsdqsd,556465,01/01/2000,0,qsdqsddqsdsqdsqd,15651,4645,44546,sqdsq,sqd,45643,01/01/20004846546
test,test,48852,test@tes.com,07/8/50,B1,test,5586,test
